<?xml version="1.0" encoding="UTF-8"?><LightningComponentBundle xmlns="http://soap.sforce.com/2006/04/metadata">
<apiVersion>51.0</apiVersion>
<runtimeNamespace>vlocity_cmt</runtimeNamespace>
<isExposed>true</isExposed>
<masterLabel>ESM_SelfService_ChangeToOrder</masterLabel>
<targets><target>lightningCommunity__Page</target><target>lightning__HomePage</target><target>lightning__AppPage</target><target>lightningCommunity__Default</target><target>lightning__RecordPage</target></targets>
<targetConfigs><targetConfig xmlns="http://soap.sforce.com/2006/04/metadata" targets="lightningCommunity__Default"><property name="recordId" type="String"/><property default="configure" label="ConfigurePageApi" name="cfConfigurePageApi" type="String"/><property default="summary" label="SummaryPageApi" name="cfSummaryPageApi" type="String"/><property default="Assets__c" label="PreviousPageApi" name="cfPreviousPageApi" type="String"/></targetConfig></targetConfigs>
</LightningComponentBundle>