<?xml version="1.0" encoding="UTF-8"?>
<LightningComponentBundle xmlns="http://soap.sforce.com/2006/04/metadata">
<apiVersion>48.0</apiVersion>
<runtimeNamespace>vlocity_cmt</runtimeNamespace>
<isExposed>true</isExposed>
<masterLabel>cpqManualPriceAdjustments</masterLabel>
<targets>
<target>lightning__AppPage</target>
<target>lightning__HomePage</target>
<target>lightning__RecordPage</target>
<target>lightningCommunity__Page</target>
<target>lightningCommunity__Default</target>
</targets>
<targetConfigs><targetConfig targets="lightningCommunity__Default">
      <property name="recordId" type="String"/>
    </targetConfig></targetConfigs>
</LightningComponentBundle>