<?xml version="1.0" encoding="UTF-8"?><LightningComponentBundle xmlns="http://soap.sforce.com/2006/04/metadata">
<apiVersion>51.0</apiVersion>
<runtimeNamespace>vlocity_cmt</runtimeNamespace>
<isExposed>true</isExposed>
<masterLabel>ESM_SelfService_ViewOrder</masterLabel>
<targets><target>lightning__AppPage</target><target>lightning__HomePage</target><target>lightning__RecordPage</target><target>lightningCommunity__Page</target><target>lightningCommunity__Default</target></targets>
<targetConfigs><targetConfig targets="lightningCommunity__Default"><property name="recordId" type="String"/><property default="order_confirmation__c" label="Confirm Order Page" name="cfConfirmOrderPage" type="String"/><property default="change_to_order__c" label="Change To Order Page" name="cfChangeToOrderPage" type="String"/><property default="Configure_Product__c" label="ConfigurePage" name="cfConfigurePage" type="String"/></targetConfig></targetConfigs>
</LightningComponentBundle>